实体1,实体2,标注结果
妊娠合并糖尿病,妊娠期糖尿病,1
急性淋巴细胞性白血病,急性淋巴细胞白血病,1
体质性低血压,体位性低血压,0
糖尿病周围神经病,糖尿病周围神经病变,1
进行性延髓麻痹,延髓进行性麻痹,1
播散性血管内凝血,产科播散性血管内凝血,0
骨恶性纤维组织细胞瘤,恶性纤维组织细胞瘤,1
慢性单纯性咽炎,慢性咽炎,1
单纯性肺嗜酸粒细胞浸润症,单纯性肺嗜酸性粒细胞浸润症,1
老年褥疮,褥疮,0
老年人尿失禁,尿失禁,0
性高潮功能障碍,性欲差,0
骨导听力下降,耳闷胀感,0
非01霍乱弧菌肠炎,非01群霍乱弧菌胃肠炎,1
疳积,形体消瘦,0
复方双金痔疮膏,熊胆痔疮膏,0
葡醛酸钠注射液,注射用葡醛酸钠,1
妇炎清洗剂,阿娜尔妇洁液,0
盐酸舍曲林分散片,SSRIs,1
赛乐特,舒坦罗盐酸帕罗西汀片,1
仙河药业肠胃宁胶囊,仙河制药肠胃宁胶囊,1
兴源制药盐酸二甲双胍片,东泰药业盐酸二甲双胍片,0
腋窝多汗,掌跖多汗,0
糖皮质激素,激素,0
雄激素过少,血清睾酮浓度低下,1
新生儿嗜睡,发作性嗜睡和食欲亢进,0
乙肝表面抗原,乙肝e抗原,0
"早期吸氧,药物治疗",通畅呼吸道,0
A型肉毒素,A型肉毒毒素,1
盐酸利托君片,盐酸托利君,1
硫酸阿托品片,硫酸阿托品,1
小儿解表止咳口服液,小儿解表口服液,1
甲磺酸酚妥拉明颗粒,甲磺酸酚妥拉明,1
癣灵药水,癣灵药,1
丁溴东莨菪碱胶囊,丁溴东莨菪碱,1
丙酸倍氯米松乳膏,丙酸倍氯米松,1
高促胃泌素血症,高胃泌素血症,1
红斑鳞屑,鳞屑性红斑,1
阴道少量流血,少量阴道流血,1
柏油便,柏油样便,1
中医辨证施治治疗,中医辨证治疗,1
手术切除囊肿,囊肿切除术,1
药物治疗手术治疗,手术联合药物治疗,1
认知功能康复治疗,认知功能治疗,1
良性阵发性位置性眩晕,良性发作性位置性眩晕,1
胃蛋白酶,胃蛋白酶原,0
痰血,血痰,1
双眼向上凝视,双眼凝视,0
抑郁焦虑症,焦虑抑郁症,1
口腔疱疹,口腔粘膜疱疹,1
C14～24,C14,0
恶心呕吐,恶心吐,1
胆囊胆结石,胆囊炎结石,1
先天性外斜视,间接性外斜视,0
鼓室硬化症,耳硬化症,0
咽喉部异物,咽部异物,1
念珠菌性包皮龟头炎,真菌性包皮龟头炎,0
单纯疱疹病毒感染症,疱疹病毒感染,1
间质性肾炎,慢性间质性肾炎,1
嵌顿性腹股沟斜疝,嵌顿疝,1
松毛虫病骨关节病,松毛虫性骨关节病,1
桡骨小头骨折,桡骨头骨折,1
胆汁返流性胃炎,胆汁返流,1
小儿梅克尔憩室,梅克尔憩室,1
溶血,溶血性贫血,0
遗传性多发性骨软骨瘤,多发性遗传性骨软骨瘤,1
原发性直立性低血压,直立性低血压,1
胆石,胆石症,1
老年人慢性支气管炎,慢性支气管炎,0
小儿肝豆状核变性,肝豆状核变性,1
急性腰背部扭伤,急性腰扭伤,1
子宫内膜异位,子宫内膜异位症,1
慢性化脓性骨髓炎,化脓性骨髓炎,1
压力性尿失禁,尿失禁,0
慢性化脓性鼻窦炎,慢性鼻窦炎,1
不完全性肠梗阻,不完全肠梗阻,1
春季结膜炎,结膜炎,0
月经失调性不孕症,月经不调,0
大肠梗阻,肠梗阻,0
兔耳痤疮,痤疮,0
皮脂囊肿病,皮脂腺腺囊肿,1
咽囊炎,咽炎,0
血栓性血小板减少性紫癜,血小板减少症,0
红细胞生成性原卟啉病,红细胞生成性卟啉病,1
急性嗜酸性粒细胞性肺炎,肺嗜酸性粒细胞浸润症,0
新生儿生理性黄疸,生理性黄疸,1
依托泊苷软胶囊,依托泊苷,1
牛黄解毒丸,牛黄解毒片,1
伊来西胺片,伊来西胺,1
利巴韦林含片,利巴韦林片,1
苯扎贝特片,苯扎贝特,1
乳疾灵颗粒,乳宁颗粒,0
复方血栓通软胶囊,复方血栓通滴丸,0
小儿泻止散,止泻合剂,1
富马酸亚铁片,富马酸亚铁,1
消渴灵片,天麦消渴片,0
乳酸左氧氟沙星滴眼液,左旋氧氟沙星滴眼液,0
布林佐胺滴眼液,布林佐胺,1
景天祛斑片,祛斑汤,0
氟他胺片,比卡鲁胺片,0
前列通片,前列适安片,0
骨炎灵片,骨肽片,0
抗骨质增生丸,抗骨增生片,1
乳酸左氧氟沙星片,左氧氟沙星,0
安眠补脑口服液,安神补脑口服液,1
伤科跌打片,伤科七味片,0
吡诺克辛钠滴眼液,吡诺克辛滴眼液,1
盐酸伐昔洛韦胶囊,盐酸伐昔洛韦颗粒,0
甲磺酸加替沙星分散片,加替沙星片,0
复方乳酸乳膏,复方乳酸软膏,1
银杏叶提取物滴剂,银杏叶提取物,1
复方酮康唑发用洗剂,复方酮康唑洗剂,1
五子衍宗片,五子衍宗方,1
苯磺酸氨氯地平胶囊,苯磺酸左氨氯地平,1
复方三七胶囊,三七伤药胶囊,0
葛泰地奥司明片,地奥司明片,0
参归生发酊,生发酊,0
止血祛瘀明目片,和血明目片,1
苯甲酸利扎曲普坦片,苯甲酸利扎曲普坦,1
盐酸司来吉兰片,盐酸司来吉兰,1
富马酸亚铁咀嚼片,富马酸亚铁,1
盐酸托莫西汀胶囊,盐酸托莫西汀,1
醋酸阿托西班注射液,醋酸阿托西班,1
癃闭舒片,癃闭舒,1
中性胰岛素注射液,胰岛素注射,1
注射用丁二磺酸腺苷蛋氨酸,丁二磺酸腺苷蛋氨酸,1
破伤风人免疫球蛋白,破伤风免疫球蛋白,1
注射用缩宫素,缩宫素注射液,1
去铁酮片,去铁酮,1
卵磷脂络合碘胶囊,卵磷脂络合碘,1
盐酸西布曲明胶囊,西布曲明胶囊,1
盐酸特比萘芬溶液,盐酸特比萘芬,1
注射用重组人生长激素,重组人生长激素注射液,1
痰血,痰中带血丝,0
结肠黑变,结肠黑变病,1
唇腭裂,唇裂,
面部皮肤过敏,皮肤过敏,0
高血压病,高血压,1
妊娠高血压征,妊娠高血压综合征,1
夜间磨牙,磨牙,1
恶心与呕吐,恶心呕吐,1
小儿再发性腹痛,小儿腹痛,0
低血容量性休克,失血性休克,1
肥胖症,肥胖,1
腹部型肥胖,腹型肥胖,1
牙龈肿胀,牙龈肿痛,0
肺部小结节,肺部结节,1
顽固性失眠,失眠症,0
痔块脱垂,脱垂,0
痔核,痔,0
儿茶酚胺分泌过量,儿茶酚胺升高,1
无力,肌无力,0
中度吸入性损伤,吸入性损伤,0
肝细胞内脂肪堆积过多,肝细胞内脂肪过度沉积,1
语言发育障碍,语言发育迟缓,0
低血糖症,低血糖,1
多囊卵巢,多囊卵巢综合征,1
乳腺癌,乳癌,1
儿童骨缺损,骨缺损,0
多发性结节,多发结节,1
痔核,痔疮,0
尿蛋白,蛋白尿,0
缺乏深睡眠,深睡眠减少,1
泪溢,溢泪,1
玻璃体有血迹,玻璃体出血,1
中上腹痛,上腹痛,0
考试焦虑,焦虑症,0
甲状腺肿,甲状腺肿大,1
心肺栓塞,肺栓塞,0
糖尿病足部病变,糖尿病足,1
情感暴发,情感爆发,1
小儿便秘,便秘,0
手术后破伤风,破伤风,0
鼻黏膜和鼻甲萎缩,鼻黏膜萎缩,1
阴道不规则出血,不规则阴道出血,1
咽部有异物感,咽异物感,1
胆汁性肝硬化,肝硬化,0
冰糖燕窝,燕窝,1
花生(炒),花生仁(炒),1
四川康定金珠利胆片,康定金珠利胆片,1
闭塞性动脉硬化,动脉硬化性闭塞症,1
色素性化妆品皮炎,化妆品接触性皮炎,0
老年人室性心动过速,老年性室性心动过速,1
包茎过长,包茎包皮过长,1
皮脂腺增生,皮下脂肪增生,0
恋童癖,恋童症,1
结肠类癌,大肠类癌,0
小儿猪带绦虫病和囊虫病,猪带绦虫/囊虫病,0
急性鼻咽炎,鼻咽炎,0
慢性阻塞性肺疾病,阻塞性肺气肿,0
婴儿型黑矇性痴呆,婴儿型黑性痴呆,1
瘀斑,紫癜,0
小儿轮状病毒性肠炎,轮状病毒性肠炎,0
肠系膜动脉瘤,肠系膜上动脉瘤,1
不动纤毛综合征,纤毛不动征,1
小儿X-连锁严重联合免疫缺陷病,X连锁严重性联合免疫缺陷病,1
肌腱炎,N肌肌腱炎,1
口糜,口腔溃疡,1
风热犯肺,肺热咳嗽,1
老年人梅毒性心脏病,卧位型心绞痛,0
颈动脉窦综合征,血管神经性晕厥,0
输卵管癌三联症,输卵管癌三联征,1
褶烂,皮肤皲裂,0
遗忘综合征,记忆障碍,1
姿态性腰腿痛,腰腿痛,1
老年人酒精性肝病,酒精性肝硬化,0
腘血管陷迫综合征,腘动脉陷迫综合征,1
牙周炎,牙龈发炎,0
黑癣,手足癣,0
转移性肝癌,肝癌,0
甲状腺功能减退症,甲状腺功能减退,1
黑癣,手癣,0
惊恐症,恐惧症,1
十二指肠胃反流及胆汁反流性胃炎,胆汁反流性胃炎,1
传导阻滞,室性心动过速,0
男生殖系结核,生殖器官结核,0
吡唑酮类中毒,阿普唑仑中毒,0
皮层性多汗症,原发性多汗症,0
瘘疮,肛瘘,0
急性腹泻,腹泻,0
心脏神经症,心脏神经官能症,1
"镇静,安定,催眠药中毒",镇静安眠类药物中毒,1
阴道上皮内瘤样变,阴道上皮内瘤变,1
淋巴细胞减少症,淋巴细胞减少,1
小儿急性支气管炎,急性支气管炎,0
口腔黏膜溃疡,口腔溃疡,1
口周湿疹,口周皮炎,1
纵隔非霍奇金淋巴瘤,鼻咽非霍奇金淋巴瘤,0
胰石病,慢性胰腺炎,0
子宫颈肉瘤,子宫颈肿瘤,0
急性下呼吸道感染,呼吸道感染,0
念珠菌阴道炎,霉菌性阴道炎,0
慢性纤维性甲状腺炎,慢性甲状腺炎,1
增龄性黄斑变性,老龄性黄斑变性,1
膀胱瘘,尿瘘,0
腰部慢性劳损,腰肌劳损,1
输尿管损伤,尿道损伤,0
其他沙门菌感染,沙门菌的感染,1
接触性皮炎,对苯二胺皮炎,0
血疸,溶血性黄疸,0
上肢深静脉血栓形成,下肢动脉硬化闭塞症,0
喉烫伤,喉咙痛,0
大肠埃希杆菌肺炎,大肠埃希菌肺炎,1
包皮阴茎头炎,包皮龟头炎,0
抗菌药中毒性肾病,昏迷,0
关节退行性变,膝关节退行性变,0
小儿慢性支气管炎,小儿喘息样支气管炎,0
哮喘性支气管炎,喘憋,1
胸部阿米巴病,阿米巴病,1
窦性停搏,窦性心动过缓,1
鼻中隔脓肿,鼻中隔偏曲,1
外阴隆凸性皮肤纤维肉瘤,隆凸性皮肤纤维肉瘤,1
皮肤腺样囊性癌,皮肤腺样囊腺癌,1
五氯酚钠中毒,急性五氯酚钠中毒,1
单纯型精神分裂症,精神分裂症,0
类鼻疽杆菌肺炎,类鼻疽肺炎,1
听力障碍,听力损失,1
脑囊肿,蛛网膜囊肿,0
急性咽喉炎,咽部疼痛,0
急性单纯性胃炎,急性胃炎,0
小儿原发性膀胱输尿管反流,原发性膀胱输尿管反流,0
小儿骨软骨瘤,小儿骨样骨瘤,1
小儿继发性免疫性血小板减少性紫癜,免疫性血小板减少性紫癜,0
结肠息肉,大肠息肉,0
牛皮癣,银屑病,0
小儿血管性血友病,小儿血友病,1
Barrett食管,反流性食管炎,0
体癣,皮肤癣菌病,1
急性腰部扭伤,腰部疼痛,0
婴儿黑矇性痴呆,克-雅氏病性痴呆,0
创伤性鼻出血,鼻出血,0
萎缩性咽炎,慢性咽炎,0
半水合雌二醇贴片,雌二醇凝胶,0
氯喹那多/普罗雌烯阴道片,柏栀祛湿喷雾剂,0
青霉素V钾胶囊,青霉素V钾片,1
乳核散结胶囊,乳核散结片,1
鼻炎灵片,通窍鼻炎片,1
氨甲苯酸注射液,肝素钠注射液,0
注射用盐酸丁咯地尔,盐酸丁咯地尔注射液,1
葡萄糖酸钙含片,葡萄糖酸钙片,1
健脾补血片,健脾补血颗粒,1
氯诺昔康片,科洛曲片,0
健脾生血片,健脾补血颗粒,1
注射用两性霉素B,斯锑黑克,0
金归洗液,完带汤,0
重组人干扰素α2а栓,重组人干扰素α2a栓,1
宫炎平滴丸,宫炎康颗粒,1
七叶皂苷钠片,注射用七叶皂苷钠,0
复方青黛胶囊,复方青黛丸,1
C14～24,脂肪乳注射液[C14-24],1
力加寿片,酒石酸托特罗定缓释片,0
双氯芬酸钠盐酸利多卡因注射液,萘普生钠氯化钠注射液,0
TP,肠内营养乳,1
苯甲酸雌二醇注射液,坤泰胶囊,0
防风通,防风通圣丸,1
胰胆炎合剂,清胰利胆颗粒,0
醋酸甲羟孕酮分散片,醋酸甲羟孕酮片,1
氯化钾片,门冬氨酸钾镁片,0
赖氨葡锌片,赖氨葡锌颗粒,1
注射用顺铂,顺铂注射液,1
调经止痛胶囊,田七痛经胶囊,0
注射用盐酸艾司洛尔,盐酸艾司洛尔注射液,1
阿昔洛韦凝胶,阿昔洛韦乳膏,1
复方消旋山莨菪碱滴眼液,消旋山莨菪碱滴眼液,1
痔疮片,复方硫酸氢黄连素软膏,0
清凉油,风油精,0
滋肾育胎丸,固肾安胎丸,1
阿法骨化醇胶囊,阿法骨化醇软胶囊,1
维C银翘胶囊,维C银翘片,1
大蒜素胶囊,大蒜素软胶囊,1
田七痛经胶囊,八珍片,0
乳酸左氧氟沙星滴眼液,左氧氟沙星眼液,1
肠内营养乳剂(TP),TP,1
羟糖甘滴眼液,聚乙二醇滴眼液,0
注射用左卡尼汀,左卡尼汀注射液,1
清胰利胆丸,清胰利胆颗粒,1
芪鹿补血颗粒,叶绿素铜钠片,0
孕康口服液,保胎丸,0
注射用盐酸罗哌卡因,盐酸罗哌卡因注射液,1
清心沉香八味丸,回心康片,0
注射用氨甲环酸,氨甲环酸注射液,1
渴乐宁胶囊,十八味诃子利尿胶囊,0
阿苯达唑胶囊,阿苯达唑片,1
麝香活血化瘀膏,清络通脉片,0
噻托溴铵粉吸入剂,噻托溴铵粉雾剂,1
前列舒乐胶囊,前列康舒胶囊,0
藿香正气片,藿香正气水,1
注射用醋酸奥曲肽,醋酸奥曲肽注射液,1
蛤蚧定喘丸,咳必清,0
脑血康片,消瘀康胶囊,0
止血宁片,固冲汤,0
注射用依托泊苷,依托泊苷注射液,1
康尔心胶囊,心可舒,0
注射用硼替佐米,万珂,0
钻山风糖浆,风湿痛药酒,0
痛血康胶囊,荷叶丸,0
红芪口服液,内源性大麻素,0
头孢克肟颗粒,头孢克肟分散片,1
舒胆胶囊,胆石利通片,0
宫炎平滴丸,宫炎康颗粒,0
复方甘露醇注射液,甘露醇注射液,1
酊剂,碘酊,0
骨刺丸,筋骨痛消丸,0
参茸卫生丸,八珍益母丸,0
痔速宁胶囊,复方硫酸氢黄连素软膏,0
硝酸咪康唑栓,克霉唑阴道片,0
维生素D,25羟维生素D3,0
注射用盐酸硫必利,盐酸硫必利注射液,1
跌打丸,接骨七厘片,0
盐酸奥昔布宁口服溶液,奥昔布宁,1
赖诺普利片,马来酸氨氯地平片,0
阿法骨化醇胶囊,阿法骨化醇片,1
牛黄清心丸,羚羊清肺散,0
人免疫球蛋白,板蓝根滴丸,0
盐酸二氧丙嗪颗粒,开瑞坦,0
辰欣醋酸泼尼松片,地奥醋酸泼尼松片,0
康贺威溴丙胺太林片,国正药业溴丙胺太林片,0
海南壹号三维鱼肝油乳,三维鱼肝油乳,1
气道陷闭,上气道塌陷,0
阴雨天颈肩背部酸痛,颈肩痛,0
失音,声嘶,0
突肤挺胸,胸膜粘连,0
直肠疼痛,肛门疼痛,0
屈光参差,近视,0
中上腹痛,胃痛,0
眼球调节功能减,眼疲劳,0
凝肩,肩关节活动受限,0
缺碘,地方性甲状腺肿,0
酒精中毒性嫉妒妄想,酒精中毒性偏执状态,0
胃粘膜损伤,消化性溃疡,0
脑实质深部出血,颅内血肿,0
血管堵塞,脑梗塞,0
昼盲,夜盲,0
鼻甲萎缩,鼻黏膜萎缩,0
肘关节疼痛,肘外侧夜间痛,0
难治性心力衰竭,尿少,0
乳腺随月经出现胀痛,乳房疼痛,0
中骨盆狭窄,难产,0
手掌呈黄色,"腹痛伴有皮肤,巩膜黄染",0
睡行症,睡眠障碍,0
乳突炎,急性化脓性中耳炎,0
假牙疼痛,咬合不适,0
鼻腔前部出血,鼻出血,0
心肌坏死广泛,急性心肌梗死,0
肠鸣音亢进,积气,0
肠闭锁,粪便嵌塞,0
痛性脸抽搐,面肌抽搐,0
难入睡或易惊醒,失眠,1
湿性体质,痰饮,0
眼睛刺痛,流泪,0
脑疝危象,脑疝,1
继发性视神经萎缩,偏盲,0
大便干结呈算盘珠状,胃胀,0
视神经乳头苍白,视神经萎缩,1
过度换气引起晕厥,节律性差,0
剥脱性皮炎,剥脱样斑丘疹,0
血尿伴蛋白尿,蛋白尿,1
肛门湿疹瘙痒,肛门瘙痒,1
顽固性咳嗽,刺激性干咳,0
会阴痒,外阴瘙痒,0
失用步态,步态异常,1
思维不连贯,定向力障碍,0
龟头红点,龟头珍珠疹,0
强迫仰卧位,壁腹膜增厚,0
喉鸣声,喉喘鸣,1
泌尿道破裂,尿道下裂,1
无痛性口腔溃疡,口腔溃疡,1
瓣膜小叶增厚,动静脉血栓,0
下腹部包块,盆腔包块,0
夏季痒疹,痒疹样皮损,0
经期推迟,月经不调,1
劳动后气急,劳力性呼吸困难,0
皮下脂肪粒,皮肤异色,0
咳嗽伴哮鸣音,哮鸣音,1
鼻腔前部出血,鼻出血,1
骨代谢减低,骨质疏松,0
胆汁返流,胆汁反流性胃炎,1
喉咙冒黏液,慢性咽炎,0
神经根激惹症状,神经根性疼痛,0
排尿困难及尿潴留,排尿障碍,1
大三阳,病毒性肝炎,1
下消化道出血,便血,1
肾盂扩张,肾积水,0
新生儿发绀,皮肤青紫,0
喉痉挛,吸气困难,0
精神运动性活动变坏,谵妄,0
抱癖,难以完成日常的工作,0
频吐白沫,口吐白沫,1
心肺栓塞,附壁血栓,0
粪便量多,粪质稀薄,0
支气管平滑肌痉挛,气道高反应性,0
低血糖性昏迷,低血糖症,1
虹膜新生血管与,新生血管性青光眼,0
嗓音粗,声带肥厚,0
缺乏性兴趣,性欲减退,1
血小板减少性紫癜,紫癜,1
乳腺组织肥厚,簇样钙化,0
巨肠症,近端结肠扩张,0
肾阴虚,腰膝和两脚痿弱无力,0
新生儿黄疸,母乳性黄疸,0
一过性全面性遗忘,记忆障碍,0
恶心,呕吐,0
白天不自觉地将牙咬紧,磨牙,0
面部斑点,黄褐斑,0
低位小肠梗阻,肠套叠,0
排尿疼痛,尿痛,1
多根肋骨骨折,肋骨骨折,1
目痛,眼痛,1
语言发育障碍,语言发育迟缓,1
鼻粘膜干燥发痒,打鼾伴呼吸暂停,0
肝病面容,肝掌,0
红鼻头,酒渣鼻,1
骨质磨损有骨赘增生,骨关节炎,0
儿科综合,小儿内科,1
性病科,性病门诊,1
介入动脉化疗栓塞,肝动脉导管栓塞术,0
心理治疗为主,消除心理障碍,1
药物溶栓,手术取栓,0
羊肚,竹笋,0
菠菜豆腐汤,薇菜,0
大葱,洋葱,0
肉丝干拌面,香菇(干),0
海蚌,赤贝,0
急性间歇性卟啉病,急性间歇性血卟啉病,1
急性舌扁桃体炎,急性扁桃体炎,1
急性盆腔炎,急性的盆腔炎,1
左心衰竭,左心力衰竭,1
念珠菌性外阴阴道炎,念珠菌性阴道炎,1
B疱疹病毒感染,疱疹病毒感染,0
小儿巨幼细胞性贫血,巨幼细胞性贫血,0
小儿低血糖,小儿低血糖症,1
小儿肝豆状核变性,肝豆状核变性,0
甲状旁腺功能亢进,甲状腺功能亢进,1
带状疱疹后遗神经痛,带状疱疹神经痛,1
脾功能亢进症,脾功能亢进,1
小儿腹胀,小腹胀,0
急性化脓性脑膜炎,化脓性脑膜炎,0
腘动脉瘤,动脉瘤,0
小儿粘连性肠梗阻,粘连性肠梗阻,0
血管运动性鼻炎,血管运动型鼻炎,1
急性糜烂性胃炎,糜烂性胃炎,0
霉菌性外阴炎,霉菌性阴炎,1
急性脑内血肿,急性及亚急性脑内血肿,1
咽结合膜热,咽结膜热,1
肾血管性高血压,肾性高血压,1
急进性肾炎,急性肾炎,1
结肠阿米巴,阿米巴结肠炎,1
胆囊癌,胆囊类癌,1
神经莱姆病,神经性莱姆病,1
腹腔出血,腹腔内出血,0
血压病,低血压病,0
色素沉着症,色素沉着,1
小儿巨细胞病毒肺炎,巨细胞病毒肺炎,0
镍接触性皮炎,接触性皮炎,0
睡眠呼吸暂停综合症,睡眠呼吸暂停综合征,1
进行性脊肌萎缩症,进行性脊髓性肌萎缩症,1
交感神经型颈椎病,交感型颈椎病,1
小儿阵发性室上性心动过速,阵发性室上性心动过速,0
胆汁返流性胃炎,胆汁性反流胃炎,1
疥疮性结节,疥疮结节,1
小儿阵发性心动过速,阵发性心动过速,1
巨细胞病毒性肺炎,巨细胞病毒肺炎,1
前列腺增生症,前列腺增生,1
贲门黏膜撕裂综合征,食管贲门黏膜撕裂综合征,1
外阴上皮内瘤样病变,外阴上皮内瘤变,1
小儿心内膜弹力纤维增生症,心内膜弹力纤维增生症,0
小儿结核性脑膜炎,结核性脑膜炎,0
反流性喉炎,反流性咽喉炎,1
强直性脊柱炎性巩膜炎,强直性脊柱炎,0
遗传性出血性毛细血管扩张,遗传性出血性毛细血管扩张症,1
单核细胞白血病,髓单核细胞白血病,1
结石性胆囊炎,胆囊炎结石,0
婴儿黑矇性痴呆,婴儿黑性痴呆,1
慢性过敏性紫癜,过敏性紫癜,1
急性出血性坏死性小肠炎,小儿急性出血性坏死性肠炎,0
呼吸道病毒感染,病毒性上呼吸道感染,0
急性化脓性脑膜炎,化脓性脑膜炎,1
先天性胆管囊状扩张,先天性肝胆管囊状扩张症,1
小儿阵发性心动过速,阵发性心动过速,0
类风湿性的关节炎,类风湿性关节炎,1
不稳定心绞痛,不稳定性心绞痛,1
高眼压症,眼压高,1
焦虑性障碍,焦虑障碍,1
膝骨性关节炎疾病,膝关节骨性关节炎,1
多瓣膜病,瓣膜病,1
猩红热病,猩红热,1
耳神经痛,耳后神经痛,0
前庭神经元炎,前庭神经炎,1
局灶性节段性肾小球硬化,局灶节段性肾小球硬化症,1
大疱性表皮松解,大疱性表皮松解症,1
新生儿低血糖症,新生儿低血糖,1
坏死性筋膜炎,急性坏死性筋膜炎,0
右下肺炎,右肺炎,0
急性呼吸道感染,急性上呼吸道感染,0
念珠菌阴道炎,念珠菌性阴道炎,1
慢性溃疡,溃疡性,1
慢性干燥性鼻炎,干燥性鼻炎,1
腔隙性脑梗死,腔隙性脑梗,1
皮脂溢出症,皮脂溢出,1
甲营养不良,营养不良,0
结肠类癌,结肠癌,1
胆囊结石,胆囊炎结石,0
肩关节痛,肩关节疼痛,1
小肠炎,小肠结肠炎,1
闭锁综合征,闭锁肺综合征,1
藻酸双酯钠片,藻酸双酯钠,1
枸橼酸铋雷尼替丁胶囊,枸橼酸铋雷尼替丁,1
妇炎康丸,妇炎康,1
伊维菌素片,伊维菌素,1
注射用奥拉西坦,奥拉西坦注射液,1
降脂宁颗粒,降脂颗粒,1
盐酸克林霉素胶囊,克林霉素胶囊,0
参三七伤药胶囊,三七伤药胶囊,1
氢溴酸加兰他敏片,氢溴酸加兰他敏,1
溴吡斯的明片,溴吡斯的明,1
盐酸丁咯地尔片,盐酸丁咯地尔,1
盐酸多西环素胶丸,盐酸多西环素胶囊,1
可乐定透皮贴片,可乐定透皮贴,1
盐酸左氧氟沙星软膏,盐酸左氧氟沙星,1
尿嘧啶替加氟胶囊,尿嘧啶替加氟,1
右美沙芬缓释混悬液,右美沙芬混悬液,1
灯盏花素片,灯盏花素,1
阿莫西林双氯西林钠胶囊,阿莫西林双氯西林钠,1
匹伐他汀钙片,匹伐他汀片,1
阿司匹林肠溶胶囊,肠溶阿司匹林,1
重酒石酸卡巴拉汀胶囊,重酒石酸卡巴拉汀,1
富马酸替诺福韦二吡呋酯片,富马酸替诺福韦二吡呋酯,1
乙酰唑胺片,乙酰唑胺,1
二羟丙茶碱片,二羟丙茶碱,1
丙硫氧嘧啶肠溶片,丙硫氧嘧啶片,1
盐酸多西环素片,盐酸多西环素,1
对氨基水杨酸异烟肼片,对氨基水杨酸异烟肼,1
硝酸益康唑乳膏,复方硝酸益康唑乳膏,1
注射用肌氨肽苷,肌氨肽苷注射液,1
卡络磺钠片,卡络磺钠,1
盐酸特比萘芬凝胶,盐酸特比萘芬,1
鼻炎灵片,鼻炎片,1
盐酸美他环素胶囊,盐酸美他环素,1
参苓白术片,参苓白术,1
盐酸苯海索片,盐酸苯海索,1
鱼腥草素钠片,鱼腥草素钠,1
注射用促肝细胞生长素,促肝细胞生长素注射液,1
对乙酰氨基酚缓释片,对乙酰氨基酚片,1
紫龙金片,紫龙金,1
氢溴酸东莨菪碱片,氢溴酸东莨菪碱,1
葡萄糖酸锌咀嚼片,葡萄糖酸锌片,1
盐酸舍曲林分散片,盐酸舍曲林片,1
豆腐果苷片,豆腐果苷,1
盐酸可乐定片,盐酸可乐定,1
复方米非司酮片,复方米非司酮,1
七叶皂苷钠片,七叶皂苷片,1
胃康灵胶囊,胃康胶囊,1
盐酸奈福泮片,盐酸奈福泮,1
健肝灵胶囊,健肝胶囊,1
氨肽素片,氨肽素,1
心欣舒胶囊,心舒胶囊,1
注射用重组人Ⅱ型肿瘤坏死因子受体-抗体融合蛋白,重组人Ⅱ型肿瘤坏死因子受体-抗体融合蛋白,1
甲硝唑维B6片,甲硝唑维B6,1
盐酸普萘洛尔片,盐酸普萘洛尔,1
马栗种子提取物片,马栗种子提取物,1
盐酸曲普利啶胶囊,盐酸曲普利啶,1
四环素片,四环素,1
氟他胺片,氟他胺,1
阿奇霉素软胶囊,阿奇霉素胶囊,1
苯磺酸氨氯地平胶囊,苯磺酸氨氯地平,1
根痛平片,根痛平,1
泽桂癃爽片,泽桂癃爽,1
康尔心胶囊,康心胶囊,1
甲磺酸左氧氟沙星片,甲磺酸左氧氟沙星,1
注射用还原型谷胱甘肽,还原型谷胱甘肽注射液,1
巴氯芬片,巴氯芬,1
注射用甲氨蝶呤,甲氨蝶呤注射液,1
硫辛酸片,硫辛酸,1
吲哚美辛贴片,吲哚美辛片,1
小牛血去蛋白提取物眼用凝胶,小牛血去蛋白提取物眼凝胶,1
毛冬青片,毛冬青,1
复方片仔癀痔疮软膏,复方片仔癀软膏,1
复方氟尿嘧啶片,复方氟尿嘧啶,1
盐酸倍他洛尔滴眼液,倍他洛尔滴眼液,1
硝酸毛果芸香碱滴眼液,毛果芸香碱滴眼液,1
注射用香菇多糖,香菇多糖注射液,1
乌苯美司片,乌苯美司,1
酒石酸罗格列酮片,酒石酸罗格列酮,1
乳酸左氧氟沙星片,乳酸左氧氟沙星,1
亚硒酸钠片,亚硒酸钠,1
同济堂氨甲环酸片,贵州同济堂氨甲环酸片,1
特一盐酸多西环素片,盐酸多西环素片,0
内蒙古大唐药业巴特日七味丸,大唐药业巴特日七味丸,1
仁和堂药业马来酸氯苯那敏片,仁和堂马来酸氯苯那敏片,1
珠海安生新霉素氟轻松乳膏,安生新霉素氟轻松乳膏,1
北京诚济制药谷维素片,诚济制药谷维素片,1
九泰西沙必利片,九泰药业西沙必利片,1
仁和堂药业葡醛内酯片,仁和堂葡醛内酯片,1
仁和堂药业甲氧氯普胺片,仁和堂甲氧氯普胺片,1
弘森药业乙酰唑胺片,弘森乙酰唑胺片,1
上海上药信谊药厂乌苯美司片,上海信谊乌苯美司片,1
成都第一呋塞米注射液,成都一药呋塞米注射液,1
湖北远大天天明吡诺克辛滴眼,湖北远大天天明吡诺克辛钠滴,1
福建新武夷制药软脉灵口服液,新武夷制药软脉灵口服液,1
仁和堂药业盐酸普罗帕酮片,仁和堂盐酸普罗帕酮片,1
仁和堂药业双嘧达莫片,仁和堂双嘧达莫片,1
兰州和盛堂制药当归腹痛宁滴,兰州和盛堂当归腹痛宁滴丸,1
上海上药信谊药厂氨酪酸片,上海信谊氨酪酸片,1
广西千福制药夏桑菊颗粒,广西仁德千福制药夏桑菊颗粒,1
久联别嘌醇片,久联制药别嘌醇片,1
承德天原药业龙胆泻肝丸,承德天原龙胆泻肝丸,1
北京中新药业奋乃静片,北京中新制药奋乃静片,1
三才石岐制药阿莫西林胶囊,三才石岐阿莫西林胶囊,1
兴华参茸强肾片,通化兴华参茸强肾片,1
今媛安止痛化癥片,今媛安止痛化Y片,1
辽宁德善药业升提胶囊,德善药业升提胶囊,1
福建古田磺胺甲噁唑片,福建古田磺胺甲f唑片,1
泰稳盐酸氟桂利嗪胶囊,盐酸氟桂利嗪胶囊,1
新华制药复方磺胺甲噁唑片,新华制药复方磺胺甲f唑片,1
广西千福制药板蓝根颗粒,广西仁德千福制药板蓝根颗粒,1
黑龙江济仁喘嗽宁片,黑龙江济仁药业喘嗽宁片,1
鱼肝油乳,鱼肝油,1
圣元复方托吡卡胺滴眼液,沈阳圣元复方托吡卡胺滴眼液,1
广西灵峰妇康宁片,广西灵峰药业妇康宁片,1
承德天原药业清胃黄连丸,承德天原清胃黄连丸,1
亚宝养血安神片,亚宝药业养血安神片,1
新疆制药驱白巴布期片,新疆国药驱白巴布期片,1
容生硫酸镁注射液,容生制药硫酸镁注射液,1
修正喘嗽宁片,修正药业喘嗽宁片,1
海南海力小儿咳喘灵颗粒,海力制药小儿咳喘灵颗粒,1
成都第一氢溴酸樟柳碱注射液,成都一药氢溴酸樟柳碱注射液,1
广州白云山和记黄埔中药补中,广州白云山和记黄埔中药健脾,1
仁和堂药业盐酸左旋咪唑片,仁和堂盐酸左旋咪唑片,1
浙江瑞邦药业环孢素软胶囊,浙江瑞邦环孢素软胶囊,1
江苏云阳盐酸普罗帕酮片,云阳盐酸普罗帕酮片,1
太极集团补中益气丸,太极补中益气丸,1
弘森药业苯妥英钠片,弘森苯妥英钠片,1
江西德上制药小柴胡颗粒,江西德上小柴胡颗粒,1
桂林中族中药利胆排石片,中族中药利胆排石片,1
浙江鼎泰药业麝香壮骨膏,浙江鼎泰麝香壮骨膏,1
花城祛痰止咳颗粒,花城制药祛痰止咳颗粒,1
山西晋新双鹤呋塞米注射液,晋新双鹤呋塞米注射液,1
片仔癀复方片仔癀痔疮软膏,片仔癀复方片仔癀软膏,1
海灵注射用头孢噻肟钠,注射用头孢噻肟钠,1
广州白云山光华乙胺嘧啶片,白云山光华乙胺嘧啶片,1
江西铜鼓仁和排石利胆颗粒,铜鼓仁和排石利胆颗粒,1
长春海外白癜风丸,长春海外制药白癜风丸,1
上海莱士人纤维蛋白原,莱士人纤维蛋白原,1
浙江康莱特康莱特注射液,康莱特康莱特注射液,1
海口制药注射用头孢唑林钠,海口市制药注射用头孢唑林钠,1
松栢牙痛停滴丸,松牙痛停滴丸,1
维阿露复方卡力孜然酊,维阿堂复方卡力孜然酊,1
天津亚宝利胆排石片,天津亚宝药业利胆排石片,1
黑龙江天龙复方小儿退热栓,黑龙江天龙药业复方小儿退热,1
广西万寿堂利胆排石片,万寿堂利胆排石片,1
恒健新霉素氟轻松乳膏,恒健制药新霉素氟轻松乳膏,1
以岭养正消积胶囊,以岭药业养正消积胶囊,1
杭州华威药业三七片,杭州华威三七片,1
衡淯制药马洛替酯片,衡U制药马洛替酯片,1
江西天施康中药复方鲜竹沥液,江西天施康复方鲜竹沥液,1
山西仁源堂健肝灵胶囊,仁源堂健肝灵胶囊,1
大峻止痛化癥片,大峻止痛化Y片,1
湖北美宝药业三七片,湖北美宝三七片,1
上海上药信谊药厂乙酰唑胺片,上海信谊乙酰唑胺片,1
湖北仁悦药业阿苯达唑片,仁悦药业阿苯达唑片,1
瑞阳复方甘草酸苷胶囊,瑞阳制药复方甘草酸苷胶囊,1
山西立业制药维生素E软胶囊,立业制药维生素E软胶囊,1
浙江得恩德制药卡托普利片,得恩德制药卡托普利片,1
天方药业土霉素片,天方华中药业土霉素片,1
上海东海制药维生素AD滴剂,东海制药维生素AD滴剂,1
北京同仁堂越鞠保和丸,北京同仁堂保和丸,1
广誉远十香丸,广誉远国药十香丸,1
江苏普华克胜熊去氧胆酸片,普华克胜熊去氧胆酸片,1
衡淯制药头孢羟氨苄甲氧苄啶,衡U制药头孢羟氨苄甲氧苄啶,1
马应龙金玄痔科熏洗散,马应龙药业金玄痔科熏洗散,1
江苏百益制药麝香壮骨膏,百益制药麝香壮骨膏,1
武汉爱民制药氨甲环酸注射液,武汉爱民氨甲环酸注射液,1
上海上药信谊药厂吡拉西坦片,上海信谊吡拉西坦片,1
广州白云山光华盐酸舍曲林片,白云山光华盐酸舍曲林片,1
海口制药根痛平片,海口市制药根痛平片,1
健民药业驱白巴布期片,健民驱白巴布期片,1
海南中和药业注射用生长抑素,海南中和注射用生长抑素,1
江苏恒新药业眼氨肽注射液,恒新药业眼氨肽注射液,1
北京万辉双鹤红霉素肠溶胶囊,万辉双鹤红霉素肠溶胶囊,1
扬州中宝药业硫酸镁注射液,扬州中宝硫酸镁注射液,1
同仁堂牛黄清胃丸,北京同仁堂牛黄清胃丸,1
山西津华晖星盐酸氟桂利嗪胶,津华晖星盐酸氟桂利嗪胶囊,1
天津宏仁堂白癜风胶囊,宏仁堂白癜风胶囊,1
耳内流脓,耳流脓,1
结石性胆囊炎,胆囊炎结石,1
挛缩性瘢痕,瘢痕挛缩,1
全身感染中毒症状,感染中毒症状,1
畏光及流泪,畏光流泪,1
肝脾肿大,肝脾大,1
腰脊椎疼痛,腰椎疼痛,1
心瓣膜病变,心脏瓣膜病变,1
屈光不正性弱视,远视性屈光不正,1
髋关节积液,关节积液,1
髋关节痛,髋关节疼痛,1
排尿疼痛,排尿痛,1
膝关节肿大,关节肿大,0
男子性功能障碍,男性性功能障碍,1
肾阴阳两虚,阴阳两虚,1
头颈部活动受限,颈部活动受限,1
距骨坏死,骨坏死,0
牙移位,前牙移位,0
毛细血管扩张症,毛细血管扩张,1
小支气管痉挛,支气管痉挛,1
阴道持续少量流血,少量阴道流血,1
手部功能完全丧失,手功能完全丧失,1
乳房早发育,乳房发育,1
腰椎间盘突出,腰间盘突出,1
肺结核,肺炎结核,0
痰热咳嗽,咳嗽痰,1
脑占位性病变,占位性病变,0
运动腹痛,运动痛,0
大便干燥,大便干,1
碱性磷酸酶增高,碱性磷酸酶升高,1
两眼干涩,眼干涩,1
决断困难感,决断困难,1
咽部有异物感,咽部异物感,1
脂质沉积症,脂质沉积,1
恶性室性心律失常,恶性心律失常,1
微血栓形成,血栓形成,1
骨硬化,骨质硬化,1
咽喉部充血,咽部充血,1
肾间质水肿,间质水肿,0
出血性梗死,出血性脑梗死,1
大便异常,大小便异常,1
抗-HCVAg阳性,HCV-cAg阳性,1
同向偏盲,同向性偏盲,1
尿后滴沥,排尿后滴沥,1
鼻干燥,鼻腔干燥,1
食管下段静脉曲张,食管静脉曲张,1
眼眶疼痛,眼眶痛,1
肾动脉硬化,肾小动脉硬化,1
呼吸窘迫综合症,急性呼吸窘迫综合症,0
肾后性肾衰,肾后性肾衰竭,1
心脑供血不足,脑供血不足,0
肾源性水肿,肾性水肿,1
肝脂肪变,脂肪肝,1
肾血管畸形,血管畸形,0
钙沉积,钙盐沉积,1
眼部胀痛,眼胀痛,1
关节响痛,关节痛,1
手肌肉萎缩,肌肉萎缩,0
骨转移,骨转移痛,0
食管下段静脉曲张,食管静脉曲张,0
腹泻与便秘交替,腹泻便秘交替,1
胃黏膜充血水肿,黏膜充血水肿,1
耳鼓膜穿孔,鼓膜穿孔,1
肠道功能紊乱,胃肠道功能紊乱,1
压缩型骨折,压缩骨折,1
胃粘膜充血,粘膜充血,0
关节松弛,关节囊松弛,0
上腹部包块,上腹包块,1
慢性贫血,慢性病性贫血,1
软产道异常,产道异常,0
运动腹痛,运动痛,1
阴囊坠胀痛,阴囊坠胀,1
神经官能症状,神经官能症,1
泌尿道狭窄,尿道狭窄,1
脑脊液蛋白量增高,脑脊液蛋白增高,1
高脂血症,血脂高,1
肢体僵硬感,肢体僵硬,1
肠壁坏死,肠坏死,1
感染发热,感染性发热,1
肩背痛,颈肩背痛,1
纤维膜包裹,纤维包膜,1
泌尿系统感染,泌尿系感染,1
持续性发热,持续发热,1
食欲较差,食欲差,1
中上腹痛,上腹痛,1
重度痛,重度疼痛,1
纵膈淋巴结肿大,纵隔淋巴结肿大,1
阿罗瞳孔,阿罗氏瞳孔,0
血脂升高,血脂高,1
泌尿内科,泌尿科,1
"药物治疗,微血管减压手术",微血管减压手术治疗,1
"心理,康复治疗等",康复心理治疗,1
针灸推拿康复治疗,康复针灸治疗,1
对症支持综合治疗,对症支持治疗,1
激光及冷冻治疗,冷冻和激光治疗,1
康复治疗生物反馈治疗,生物反馈治疗,1
中医中药,中医药膳,1
电视胸腔镜微创治疗,电视胸腔镜治疗,1
中西医药物结合治疗,中西药结合治疗,1
中西医结合药物治疗,中西药结合治疗,1
纤支镜气管冲洗术,纤维支气管镜冲洗,1
物理性治疗,物理治疗,1
激光电凝,激光电凝术,1
心理治疗等,心理治疗,1
手术治疗等,手术治疗,1
西医药治疗,西医治疗,1
"手术,激光",激光手术,1
对症等治疗,对症治疗,1
持性治疗,维持性治疗,1
免疫学治疗,免疫治疗,1
中医药物治疗,中医药治疗,1
"手术治疗,介入治疗",介入治疗手术,1
手术及内镜治疗,内镜手术治疗,1
康复治疗中医中药,中医康复治疗,1
激光或手术治疗,激光手术治疗,1
对症及支持治疗,对症支持治疗,1
对症支持性治疗,对症支持治疗,1
"介入治疗,手术治疗",介入治疗手术,1
"心理治疗,暗示治疗",心理暗示治疗,1
手术及内镜下治疗,内镜下手术治疗,1
交通支静脉结扎,交通支静脉结扎术,1
"支持性治疗,对症治疗","支持,对症治疗",1
乌骨鸡汤,乌骨鸡,0
鸡蛋黄泥,鸡蛋黄,0
炝黄豆芽,黄豆芽,0
炝西兰花,西兰花,0
烫空心菜,空心菜,0
无花果粥,无花果,0
猪肉(肥),猪肉(肥瘦),0